<people>
  <person>
    <name>Johnny Zhang Jr.</name>
    <email>amyalvarez@cole.com</email>
  </person>
  <person>
    <name>Edward Cook</name>
    <email>dsparks@alvarez-dunn.com</email>
  </person>
  <person>
    <name>Stephen Sweeney</name>
    <email>dlewis@gmail.com</email>
  </person>
  <person>
    <name>Krystal Riley</name>
    <email>jflores@wright.biz</email>
  </person>
  <person>
    <name>Ashley Robinson</name>
    <email>robertsmichael@yahoo.com</email>
  </person>
  <person>
    <name>Kimberly Brooks</name>
    <email>sharoncunningham@larson.com</email>
  </person>
  <person>
    <name>Brent Proctor</name>
    <email>edward86@stewart.com</email>
  </person>
  <person>
    <name>William Roberts</name>
    <email>parkertodd@webb.com</email>
  </person>
  <person>
    <name>Amanda Morales</name>
    <email>lorizavala@hodges.com</email>
  </person>
  <person>
    <name>Bryan Poole Jr.</name>
    <email>carolyn56@gray-campos.net</email>
  </person>
  <person>
    <name>Dale Hall</name>
    <email>martinjames@yahoo.com</email>
  </person>
  <person>
    <name>Isabella Reynolds</name>
    <email>wbowen@wallace.com</email>
  </person>
  <person>
    <name>Ann Rodriguez</name>
    <email>charles37@taylor-riley.biz</email>
  </person>
  <person>
    <name>Bryan Davis</name>
    <email>jessica60@hotmail.com</email>
  </person>
  <person>
    <name>Dalton Powell</name>
    <email>piercenatasha@yahoo.com</email>
  </person>
  <person>
    <name>Scott Turner</name>
    <email>harold68@yahoo.com</email>
  </person>
  <person>
    <name>Nicholas Castillo</name>
    <email>dawnstephens@robinson.info</email>
  </person>
  <person>
    <name>Joseph Pierce</name>
    <email>lukepatterson@hotmail.com</email>
  </person>
  <person>
    <name>Robyn White</name>
    <email>jenniferrobinson@hotmail.com</email>
  </person>
  <person>
    <name>Justin Rice</name>
    <email>brandi76@gmail.com</email>
  </person>
  <person>
    <name>Jamie Graham</name>
    <email>harrisdavid@yahoo.com</email>
  </person>
  <person>
    <name>Phillip Schmidt</name>
    <email>stephanie33@gmail.com</email>
  </person>
  <person>
    <name>John Baker</name>
    <email>todd86@hotmail.com</email>
  </person>
  <person>
    <name>Sharon Austin</name>
    <email>srivera@yahoo.com</email>
  </person>
  <person>
    <name>Erica Avila</name>
    <email>jenniferreed@bowers-wilson.com</email>
  </person>
  <person>
    <name>Jeremy Bass</name>
    <email>jdavis@collins.com</email>
  </person>
  <person>
    <name>Joshua Parsons</name>
    <email>stephaniecoleman@miller-barker.com</email>
  </person>
  <person>
    <name>Emma Mccoy</name>
    <email>taylorjohn@wagner.net</email>
  </person>
  <person>
    <name>Megan Williams</name>
    <email>ronnie54@gmail.com</email>
  </person>
  <person>
    <name>Michael Sutton</name>
    <email>connie58@mendoza.net</email>
  </person>
  <person>
    <name>Nicholas York</name>
    <email>kennedykevin@collins.com</email>
  </person>
  <person>
    <name>Donald Robles</name>
    <email>williamsbrandon@gmail.com</email>
  </person>
  <person>
    <name>Melissa Allen</name>
    <email>pproctor@ramos-patel.com</email>
  </person>
  <person>
    <name>Shannon Jones</name>
    <email>beckkathleen@johnson.com</email>
  </person>
  <person>
    <name>David White</name>
    <email>sandra73@thompson.com</email>
  </person>
  <person>
    <name>Jonathan Thomas</name>
    <email>johnsonjeremy@gmail.com</email>
  </person>
  <person>
    <name>Rachael Floyd</name>
    <email>amanda78@johnson.info</email>
  </person>
  <person>
    <name>Tina Carter</name>
    <email>josewells@jones.net</email>
  </person>
  <person>
    <name>Eric Johnson</name>
    <email>bowersaustin@hernandez-edwards.com</email>
  </person>
  <person>
    <name>William Kramer</name>
    <email>rhunt@johnson.com</email>
  </person>
  <person>
    <name>Nathan Williams</name>
    <email>cynthiayoung@hotmail.com</email>
  </person>
  <person>
    <name>Patty Schwartz</name>
    <email>salinasdavid@sheppard.biz</email>
  </person>
  <person>
    <name>David Collins</name>
    <email>pcalhoun@yahoo.com</email>
  </person>
  <person>
    <name>James Thomas</name>
    <email>brianfox@rogers-cruz.com</email>
  </person>
  <person>
    <name>Mark Casey</name>
    <email>jerry88@graham.com</email>
  </person>
  <person>
    <name>Robert Galloway</name>
    <email>cherylmcgee@hotmail.com</email>
  </person>
  <person>
    <name>Caitlin Dunn</name>
    <email>nicholemartin@yahoo.com</email>
  </person>
  <person>
    <name>Nancy Allison</name>
    <email>martha33@molina-bullock.com</email>
  </person>
  <person>
    <name>Marvin Burns</name>
    <email>wrocha@gmail.com</email>
  </person>
  <person>
    <name>Kimberly Jones</name>
    <email>anitamunoz@french-christian.com</email>
  </person>
  <person>
    <name>Caitlin Wood</name>
    <email>thomasrandall@bowers-sullivan.org</email>
  </person>
  <person>
    <name>Sara Burton</name>
    <email>riosangelica@gmail.com</email>
  </person>
  <person>
    <name>Jessica Roberson</name>
    <email>theresa11@hotmail.com</email>
  </person>
  <person>
    <name>Nicole Macias</name>
    <email>kevinhodge@martin.biz</email>
  </person>
  <person>
    <name>Christina Williams</name>
    <email>shawn35@rice-bailey.org</email>
  </person>
  <person>
    <name>Cody Winters</name>
    <email>nicholassmith@barron-wu.com</email>
  </person>
  <person>
    <name>Patricia Miller DDS</name>
    <email>pierceraymond@watkins.org</email>
  </person>
  <person>
    <name>Jennifer Lyons</name>
    <email>vrivera@gmail.com</email>
  </person>
  <person>
    <name>Jerry Rojas</name>
    <email>jacobalexander@yahoo.com</email>
  </person>
  <person>
    <name>Matthew Perez</name>
    <email>jrivas@hotmail.com</email>
  </person>
  <person>
    <name>Patrick Hogan</name>
    <email>moorelisa@yahoo.com</email>
  </person>
  <person>
    <name>Lisa Howard</name>
    <email>stephen90@smith.biz</email>
  </person>
  <person>
    <name>Justin Sloan</name>
    <email>edwardsmichael@hotmail.com</email>
  </person>
  <person>
    <name>Suzanne Morrow</name>
    <email>shane74@yahoo.com</email>
  </person>
  <person>
    <name>Theresa Lara</name>
    <email>maryrichardson@clark.com</email>
  </person>
  <person>
    <name>Christopher Powers</name>
    <email>yfowler@davis-lee.net</email>
  </person>
  <person>
    <name>Teresa Howell</name>
    <email>amy15@yahoo.com</email>
  </person>
  <person>
    <name>Richard Shelton</name>
    <email>ksmith@yahoo.com</email>
  </person>
  <person>
    <name>Jeremy Cole</name>
    <email>bleach@gmail.com</email>
  </person>
  <person>
    <name>Melissa Clark</name>
    <email>rosejeffrey@yahoo.com</email>
  </person>
  <person>
    <name>Kimberly Mcdaniel</name>
    <email>ularson@ross-david.com</email>
  </person>
  <person>
    <name>Kelly Dixon</name>
    <email>gatesstephen@hotmail.com</email>
  </person>
  <person>
    <name>Devin Quinn</name>
    <email>wjohnson@hotmail.com</email>
  </person>
  <person>
    <name>Kevin Greene</name>
    <email>lhanson@hotmail.com</email>
  </person>
  <person>
    <name>Jeffery Wiggins</name>
    <email>amy76@gmail.com</email>
  </person>
  <person>
    <name>Latoya Allen</name>
    <email>vking@yahoo.com</email>
  </person>
  <person>
    <name>Zachary Walker</name>
    <email>diazjames@hotmail.com</email>
  </person>
  <person>
    <name>Alyssa Molina</name>
    <email>elizabeth59@gmail.com</email>
  </person>
  <person>
    <name>Heather Miranda</name>
    <email>davidturner@cortez-martinez.biz</email>
  </person>
  <person>
    <name>Lori Gardner</name>
    <email>murphytaylor@yahoo.com</email>
  </person>
  <person>
    <name>Jessica Simpson</name>
    <email>jamesdean@rosales.com</email>
  </person>
  <person>
    <name>Anna Dickerson</name>
    <email>abigailmurphy@hotmail.com</email>
  </person>
  <person>
    <name>Molly Oconnor</name>
    <email>morrisrhonda@yahoo.com</email>
  </person>
  <person>
    <name>Brandi Braun</name>
    <email>ericksonmatthew@jenkins.org</email>
  </person>
  <person>
    <name>Renee Flowers</name>
    <email>brownantonio@yang-crosby.org</email>
  </person>
  <person>
    <name>Cassandra Compton</name>
    <email>progers@yahoo.com</email>
  </person>
  <person>
    <name>David Gilbert</name>
    <email>vickie78@gmail.com</email>
  </person>
  <person>
    <name>Brenda Davis</name>
    <email>cynthiajones@thornton.com</email>
  </person>
  <person>
    <name>Nicholas Rivera</name>
    <email>longalyssa@yahoo.com</email>
  </person>
  <person>
    <name>Dustin Hodges</name>
    <email>sgolden@lee.com</email>
  </person>
  <person>
    <name>Chad Wong</name>
    <email>williambernard@mccarty.net</email>
  </person>
  <person>
    <name>Robin Craig</name>
    <email>xbyrd@austin.com</email>
  </person>
  <person>
    <name>Heather Parker</name>
    <email>allenjoshua@rodriguez.com</email>
  </person>
  <person>
    <name>Jennifer Roberts</name>
    <email>manningtravis@gmail.com</email>
  </person>
  <person>
    <name>James Andrews</name>
    <email>ginaromero@hotmail.com</email>
  </person>
  <person>
    <name>Dorothy Hines</name>
    <email>dsmith@thomas.com</email>
  </person>
  <person>
    <name>Stephen Garcia</name>
    <email>hughesbrendan@hotmail.com</email>
  </person>
  <person>
    <name>Alfred Ellis</name>
    <email>elizabeth41@crawford.info</email>
  </person>
  <person>
    <name>Marilyn White</name>
    <email>victoriaford@hotmail.com</email>
  </person>
  <person>
    <name>Brian Graves</name>
    <email>cpatel@gmail.com</email>
  </person>
  <person>
    <name>Elizabeth Wagner</name>
    <email>newtonwesley@cohen.com</email>
  </person>
  <person>
    <name>Michelle Flores</name>
    <email>shelbygross@duke-thomas.info</email>
  </person>
  <person>
    <name>Larry Russell</name>
    <email>richard99@meyer.com</email>
  </person>
  <person>
    <name>Terrence Boyd</name>
    <email>markmartin@flores.com</email>
  </person>
  <person>
    <name>Jessica Carroll</name>
    <email>eric30@yahoo.com</email>
  </person>
  <person>
    <name>Erin Dean</name>
    <email>toddmartin@guerra.biz</email>
  </person>
  <person>
    <name>Craig Hernandez</name>
    <email>joshualang@gonzalez.com</email>
  </person>
  <person>
    <name>Amber Choi</name>
    <email>doughertynancy@harmon.org</email>
  </person>
  <person>
    <name>Renee Brown</name>
    <email>terribeard@archer-gibson.info</email>
  </person>
  <person>
    <name>Curtis Turner</name>
    <email>pjohnson@hotmail.com</email>
  </person>
  <person>
    <name>Benjamin Reed</name>
    <email>marksmith@austin.net</email>
  </person>
  <person>
    <name>Christina Fernandez</name>
    <email>richardjoseph@esparza-peters.com</email>
  </person>
  <person>
    <name>Jasmine Campbell</name>
    <email>thomasmatthew@gmail.com</email>
  </person>
  <person>
    <name>Catherine Bond</name>
    <email>coreyroberts@gonzalez.com</email>
  </person>
  <person>
    <name>Connie Jones</name>
    <email>koneal@riley.com</email>
  </person>
  <person>
    <name>Cody Taylor</name>
    <email>kelsey99@hotmail.com</email>
  </person>
  <person>
    <name>Kendra Gray</name>
    <email>walkerrussell@hotmail.com</email>
  </person>
  <person>
    <name>Alexander Murray</name>
    <email>grossrobert@hotmail.com</email>
  </person>
  <person>
    <name>Arthur Jackson</name>
    <email>travis73@hotmail.com</email>
  </person>
  <person>
    <name>Dr. William Vasquez DDS</name>
    <email>gonzalezdaniel@hotmail.com</email>
  </person>
  <person>
    <name>April Hampton</name>
    <email>desireemorris@mcguire.info</email>
  </person>
  <person>
    <name>Gerald Hunter</name>
    <email>justin91@ross-scott.biz</email>
  </person>
  <person>
    <name>Morgan Bolton</name>
    <email>erika30@lloyd-smith.biz</email>
  </person>
  <person>
    <name>Angela Barker</name>
    <email>daniel17@carr.com</email>
  </person>
  <person>
    <name>Angela Montgomery</name>
    <email>jonathangoodwin@smith-perez.com</email>
  </person>
  <person>
    <name>Yolanda Henry</name>
    <email>shawnmcguire@gmail.com</email>
  </person>
  <person>
    <name>Susan Hines</name>
    <email>sarahbailey@wallace.com</email>
  </person>
  <person>
    <name>Michelle Young</name>
    <email>lewismichele@yahoo.com</email>
  </person>
  <person>
    <name>Glen Hood</name>
    <email>ljackson@vazquez.com</email>
  </person>
  <person>
    <name>Christopher Wright</name>
    <email>evansjulie@walton.com</email>
  </person>
  <person>
    <name>Susan Guzman DDS</name>
    <email>medinaelizabeth@gmail.com</email>
  </person>
  <person>
    <name>Barbara Cortez</name>
    <email>bchavez@cameron.com</email>
  </person>
  <person>
    <name>Stacey Hammond</name>
    <email>nancyturner@stewart.com</email>
  </person>
  <person>
    <name>Amanda Stout</name>
    <email>macdonaldlatoya@hotmail.com</email>
  </person>
  <person>
    <name>Lisa Johnson</name>
    <email>wnolan@gmail.com</email>
  </person>
  <person>
    <name>Carlos Wyatt</name>
    <email>iperez@cohen.com</email>
  </person>
  <person>
    <name>Samantha Brewer</name>
    <email>thomas47@hotmail.com</email>
  </person>
  <person>
    <name>Brett Jackson</name>
    <email>zpowell@cruz-rivera.com</email>
  </person>
  <person>
    <name>Johnny Guzman</name>
    <email>tmerritt@yahoo.com</email>
  </person>
  <person>
    <name>Mary Davis</name>
    <email>collinslisa@hotmail.com</email>
  </person>
  <person>
    <name>Willie Mccoy</name>
    <email>joshua20@terrell.biz</email>
  </person>
  <person>
    <name>Kelsey Rivera</name>
    <email>randy72@gmail.com</email>
  </person>
  <person>
    <name>Melissa Maddox</name>
    <email>christopher13@gmail.com</email>
  </person>
  <person>
    <name>Jason Rodriguez</name>
    <email>kellypierce@harris.com</email>
  </person>
  <person>
    <name>Donna Walsh</name>
    <email>wardraymond@martinez.com</email>
  </person>
  <person>
    <name>Monique Patel</name>
    <email>cynthia75@james.net</email>
  </person>
  <person>
    <name>Dr. Lindsay Farrell PhD</name>
    <email>brownmaria@gmail.com</email>
  </person>
  <person>
    <name>Ann Ruiz</name>
    <email>jeremiah94@pennington.org</email>
  </person>
  <person>
    <name>Mary Alexander</name>
    <email>catherineharper@munoz.org</email>
  </person>
  <person>
    <name>Brittany Russell</name>
    <email>haileywinters@russell-coffey.net</email>
  </person>
  <person>
    <name>Dominique Rosales</name>
    <email>matthewpatterson@carr.com</email>
  </person>
  <person>
    <name>Henry Waters</name>
    <email>karen72@logan.com</email>
  </person>
  <person>
    <name>Jared Weaver</name>
    <email>karlafletcher@baldwin.org</email>
  </person>
  <person>
    <name>Mr. Thomas Atkins</name>
    <email>gboone@gmail.com</email>
  </person>
  <person>
    <name>Carla Cohen</name>
    <email>ibarron@gmail.com</email>
  </person>
  <person>
    <name>Tricia Lewis</name>
    <email>pperez@hotmail.com</email>
  </person>
  <person>
    <name>Mario Gill</name>
    <email>lisa43@brown.org</email>
  </person>
  <person>
    <name>James Olsen</name>
    <email>vickie82@hotmail.com</email>
  </person>
  <person>
    <name>Michael Perry</name>
    <email>rdavis@yahoo.com</email>
  </person>
  <person>
    <name>Matthew Lucas</name>
    <email>joshuagray@carpenter-stanley.com</email>
  </person>
  <person>
    <name>Christine Torres</name>
    <email>samanthayoung@smith-aguilar.biz</email>
  </person>
  <person>
    <name>Lindsay Miller</name>
    <email>randyevans@yahoo.com</email>
  </person>
  <person>
    <name>Margaret Jones</name>
    <email>kevincantu@alexander-carson.org</email>
  </person>
  <person>
    <name>Cameron Mcdonald</name>
    <email>deckerjerome@garcia.com</email>
  </person>
  <person>
    <name>Brittany Sanders</name>
    <email>dennis55@leonard-turner.com</email>
  </person>
  <person>
    <name>Daniel Patterson</name>
    <email>timothy36@novak.com</email>
  </person>
  <person>
    <name>David Chaney</name>
    <email>kristen02@hotmail.com</email>
  </person>
  <person>
    <name>Sheri Silva</name>
    <email>idawson@alvarez.com</email>
  </person>
  <person>
    <name>Holly Ward</name>
    <email>saraallen@dunn-smith.net</email>
  </person>
  <person>
    <name>Bryan Solis</name>
    <email>stacey30@lam.biz</email>
  </person>
  <person>
    <name>Diane Carter</name>
    <email>paulvargas@gmail.com</email>
  </person>
  <person>
    <name>David Brown</name>
    <email>james98@gmail.com</email>
  </person>
  <person>
    <name>Bridget Fritz</name>
    <email>beth24@hotmail.com</email>
  </person>
  <person>
    <name>Paul Boyd</name>
    <email>johngutierrez@hotmail.com</email>
  </person>
  <person>
    <name>Ernest Baker</name>
    <email>phillipwhite@hotmail.com</email>
  </person>
  <person>
    <name>George Myers</name>
    <email>frank52@hammond.com</email>
  </person>
  <person>
    <name>Daniel Miller</name>
    <email>joshua96@gmail.com</email>
  </person>
  <person>
    <name>Jonathan Ayala</name>
    <email>jerryharris@davis.net</email>
  </person>
  <person>
    <name>Jill Stone</name>
    <email>pwright@hotmail.com</email>
  </person>
  <person>
    <name>Trevor Richard</name>
    <email>mreed@thompson.org</email>
  </person>
  <person>
    <name>Jason Thomas</name>
    <email>josephflowers@hotmail.com</email>
  </person>
  <person>
    <name>Arthur Thomas</name>
    <email>lnelson@hicks.com</email>
  </person>
  <person>
    <name>Austin Collins</name>
    <email>ambermann@barnes.com</email>
  </person>
  <person>
    <name>Jason Diaz</name>
    <email>ericreyes@hotmail.com</email>
  </person>
  <person>
    <name>Darryl Hall</name>
    <email>faithdixon@barnes-burgess.org</email>
  </person>
  <person>
    <name>Jason Thomas</name>
    <email>brittany32@yahoo.com</email>
  </person>
  <person>
    <name>John Sanders</name>
    <email>waltontheresa@hotmail.com</email>
  </person>
  <person>
    <name>Lisa Hayes</name>
    <email>victor14@hotmail.com</email>
  </person>
  <person>
    <name>Chelsea Wong</name>
    <email>iwatkins@williams-solomon.com</email>
  </person>
  <person>
    <name>Joseph Fitzgerald</name>
    <email>mary86@hotmail.com</email>
  </person>
  <person>
    <name>Crystal Schroeder</name>
    <email>kbarron@wilson-flynn.org</email>
  </person>
  <person>
    <name>Denise Bean</name>
    <email>noah23@gmail.com</email>
  </person>
  <person>
    <name>Jamie Atkins</name>
    <email>cwebb@hotmail.com</email>
  </person>
  <person>
    <name>Joshua Kim</name>
    <email>esmith@ramirez.com</email>
  </person>
  <person>
    <name>Deanna Mooney</name>
    <email>jason13@turner.com</email>
  </person>
  <person>
    <name>Jasmine Baker</name>
    <email>torresjacob@braun.com</email>
  </person>
  <person>
    <name>Victoria Williams</name>
    <email>rwilliams@hotmail.com</email>
  </person>
  <person>
    <name>Sandra Hall</name>
    <email>williamsonrichard@gmail.com</email>
  </person>
  <person>
    <name>Miranda Mcpherson</name>
    <email>xrussell@barajas.biz</email>
  </person>
  <person>
    <name>Samantha Walton</name>
    <email>danielle73@gmail.com</email>
  </person>
  <person>
    <name>Kyle Serrano</name>
    <email>stonecassandra@mcfarland.info</email>
  </person>
  <person>
    <name>Mr. Bruce Maldonado DDS</name>
    <email>diazmatthew@yahoo.com</email>
  </person>
  <person>
    <name>Amber Fisher</name>
    <email>jonesdavid@rubio.info</email>
  </person>
  <person>
    <name>Brett Berry</name>
    <email>millerteresa@gmail.com</email>
  </person>
  <person>
    <name>Cory Bradley</name>
    <email>umatthews@summers.com</email>
  </person>
  <person>
    <name>Ryan Peters</name>
    <email>shepherdmonique@gmail.com</email>
  </person>
  <person>
    <name>Laura Lee</name>
    <email>lfleming@higgins.com</email>
  </person>
  <person>
    <name>Christian Smith</name>
    <email>johnnymartinez@castro-miller.com</email>
  </person>
  <person>
    <name>Kelly Hanson</name>
    <email>velazquezsandra@chavez-malone.info</email>
  </person>
  <person>
    <name>Brian King</name>
    <email>hwood@yahoo.com</email>
  </person>
  <person>
    <name>Cynthia Owens</name>
    <email>sbrown@hotmail.com</email>
  </person>
  <person>
    <name>Lisa Clark</name>
    <email>derek74@bell-martinez.com</email>
  </person>
  <person>
    <name>Brenda Ford</name>
    <email>kevin55@hotmail.com</email>
  </person>
  <person>
    <name>Daniel Brady</name>
    <email>wbennett@hotmail.com</email>
  </person>
  <person>
    <name>Jake Wilson</name>
    <email>lorraine60@solis.biz</email>
  </person>
  <person>
    <name>April Cole</name>
    <email>halltyler@yahoo.com</email>
  </person>
  <person>
    <name>Melissa Callahan</name>
    <email>cmckenzie@rodriguez.info</email>
  </person>
  <person>
    <name>Taylor Brown</name>
    <email>davisadam@gmail.com</email>
  </person>
  <person>
    <name>Patrick Guerrero</name>
    <email>hannah48@delgado.net</email>
  </person>
  <person>
    <name>Brian Gonzalez</name>
    <email>burchmalik@johnson.com</email>
  </person>
  <person>
    <name>Robert Bailey</name>
    <email>debbiemoore@hotmail.com</email>
  </person>
  <person>
    <name>Jesus Maynard</name>
    <email>gene45@gmail.com</email>
  </person>
  <person>
    <name>Linda Greer</name>
    <email>johnharris@reed-allen.net</email>
  </person>
  <person>
    <name>Travis Thomas</name>
    <email>bryantrachel@gmail.com</email>
  </person>
  <person>
    <name>Vicki Mitchell</name>
    <email>edaniels@hotmail.com</email>
  </person>
  <person>
    <name>Paula Espinoza</name>
    <email>donnameyer@dennis.org</email>
  </person>
  <person>
    <name>James Hoffman</name>
    <email>haustin@larson-wiggins.biz</email>
  </person>
  <person>
    <name>Ashlee Perkins</name>
    <email>stevenknapp@miller.com</email>
  </person>
  <person>
    <name>Rebecca Leon</name>
    <email>smitchell@simpson-johnson.com</email>
  </person>
  <person>
    <name>Jorge Williams</name>
    <email>shawn36@peters-meadows.com</email>
  </person>
  <person>
    <name>Bob Flores</name>
    <email>kellercourtney@yahoo.com</email>
  </person>
  <person>
    <name>Lisa Miller</name>
    <email>johnsoncrystal@gmail.com</email>
  </person>
  <person>
    <name>Brandon Davis</name>
    <email>bryanpetersen@hotmail.com</email>
  </person>
  <person>
    <name>Joshua Daugherty</name>
    <email>josehayes@carey.com</email>
  </person>
  <person>
    <name>Justin Wise</name>
    <email>pamelacosta@simmons-morrow.com</email>
  </person>
  <person>
    <name>Kimberly Johnson</name>
    <email>combssandra@deleon.com</email>
  </person>
  <person>
    <name>Toni Stone</name>
    <email>eestrada@charles.com</email>
  </person>
  <person>
    <name>Julie Rivers</name>
    <email>rwilliams@castillo-nelson.org</email>
  </person>
  <person>
    <name>Kelly Scott</name>
    <email>danielsmith@hotmail.com</email>
  </person>
  <person>
    <name>Michael Carr</name>
    <email>clarklisa@newman-barrett.com</email>
  </person>
  <person>
    <name>Jonathan Vaughn</name>
    <email>dennisrebecca@lawrence-harris.com</email>
  </person>
  <person>
    <name>Erica Lowe</name>
    <email>wilsonkelly@hotmail.com</email>
  </person>
  <person>
    <name>Kimberly Clark</name>
    <email>jose15@gmail.com</email>
  </person>
  <person>
    <name>Lindsey Robertson</name>
    <email>rdickerson@yahoo.com</email>
  </person>
  <person>
    <name>Cindy Anderson</name>
    <email>gmorton@daniels.com</email>
  </person>
  <person>
    <name>Tami Barber</name>
    <email>harveykaren@hotmail.com</email>
  </person>
  <person>
    <name>Tiffany Wu</name>
    <email>jessica90@gmail.com</email>
  </person>
  <person>
    <name>Edward Bowers</name>
    <email>hallkathy@gmail.com</email>
  </person>
  <person>
    <name>Shawn Collier</name>
    <email>rhondasmith@hotmail.com</email>
  </person>
  <person>
    <name>Michael Cox</name>
    <email>usimpson@graham-cunningham.net</email>
  </person>
</people>
