visit_id,visit_time,followup_time,age,bmi,sbp_today,a1c_result,callback_sbp,sbp_followup
V01,2026-03-18T18:18:00Z,2026-04-01T18:18:00Z,70,26.7,119,5.3,121,115
V02,2026-03-19T18:34:00Z,2026-04-02T18:34:00Z,79,31.7,142,6.9,144,139
V03,2026-03-20T20:17:00Z,2026-04-03T20:17:00Z,41,33.0,144,6.6,126,132
V04,2026-03-21T21:39:00Z,2026-04-04T21:39:00Z,69,30.4,128,6.6,125,123
V05,2026-03-22T15:14:00Z,2026-04-05T15:14:00Z,50,25.3,148,5.3,133,136
V06,2026-03-23T16:00:00Z,2026-04-06T16:00:00Z,61,32.3,137,8.0,137,132
V07,2026-03-24T20:45:00Z,2026-04-07T20:45:00Z,77,26.7,153,6.2,143,140
V08,2026-03-25T21:38:00Z,2026-04-08T21:38:00Z,49,33.0,143,5.7,140,136
V09,2026-03-26T16:44:00Z,2026-04-09T16:44:00Z,69,24.2,151,6.9,137,138
V10,2026-03-27T17:10:00Z,2026-04-10T17:10:00Z,44,33.1,157,6.7,148,141
V11,2026-03-28T21:04:00Z,2026-04-11T21:04:00Z,51,28.9,148,6.8,142,134
V12,2026-03-29T17:57:00Z,2026-04-12T17:57:00Z,79,23.4,134,5.9,125,126
V13,2026-03-30T16:54:00Z,2026-04-13T16:54:00Z,56,27.6,127,6.3,128,125
V14,2026-03-31T20:47:00Z,2026-04-14T20:47:00Z,60,29.2,163,7.0,147,147
V15,2026-04-01T16:47:00Z,2026-04-15T16:47:00Z,50,30.2,143,6.1,135,133
V16,2026-04-02T17:51:00Z,2026-04-16T17:51:00Z,42,24.6,136,6.5,116,118
V17,2026-04-03T19:30:00Z,2026-04-17T19:30:00Z,56,24.0,146,6.0,142,134
V18,2026-04-04T18:50:00Z,2026-04-18T18:50:00Z,64,29.9,142,6.1,136,137
V19,2026-04-05T15:36:00Z,2026-04-19T15:36:00Z,57,26.9,153,6.6,141,140
V20,2026-04-06T15:11:00Z,2026-04-20T15:11:00Z,71,30.1,144,7.0,139,135
V21,2026-04-07T21:03:00Z,2026-04-21T21:03:00Z,53,32.4,144,6.6,136,136
V22,2026-04-08T20:16:00Z,2026-04-22T20:16:00Z,64,21.6,136,5.5,129,128
V23,2026-04-09T20:51:00Z,2026-04-23T20:51:00Z,71,30.1,149,7.2,143,143
V24,2026-04-10T18:46:00Z,2026-04-24T18:46:00Z,77,34.5,133,5.7,139,137
V25,2026-04-11T20:43:00Z,2026-04-25T20:43:00Z,56,27.7,151,5.9,138,140
V26,2026-04-12T17:18:00Z,2026-04-26T17:18:00Z,39,25.4,161,6.6,143,142
V27,2026-04-13T18:10:00Z,2026-04-27T18:10:00Z,68,32.4,127,5.6,124,123
V28,2026-04-14T20:31:00Z,2026-04-28T20:31:00Z,60,30.1,117,6.2,114,113
V29,2026-04-15T15:52:00Z,2026-04-29T15:52:00Z,75,33.0,151,7.0,147,145
V30,2026-04-16T17:07:00Z,2026-04-30T17:07:00Z,57,27.4,172,7.6,157,156
V31,2026-04-17T15:52:00Z,2026-05-01T15:52:00Z,53,22.3,133,5.4,127,123
V32,2026-04-18T18:10:00Z,2026-05-02T18:10:00Z,40,28.5,130,5.7,116,115
V33,2026-04-19T21:50:00Z,2026-05-03T21:50:00Z,57,27.0,150,6.9,143,141
V34,2026-04-20T15:56:00Z,2026-05-04T15:56:00Z,65,32.5,135,5.0,128,128
V35,2026-04-21T17:40:00Z,2026-05-05T17:40:00Z,71,29.9,138,8.7,128,128
V36,2026-04-22T17:49:00Z,2026-05-06T17:49:00Z,74,21.7,140,5.7,131,133
V37,2026-04-23T21:19:00Z,2026-05-07T21:19:00Z,47,23.6,150,5.9,143,139
V38,2026-04-24T16:25:00Z,2026-05-08T16:25:00Z,63,33.0,140,7.4,134,135
V39,2026-04-25T18:30:00Z,2026-05-09T18:30:00Z,72,32.1,165,7.1,155,155
V40,2026-04-26T16:50:00Z,2026-05-10T16:50:00Z,49,26.1,160,5.3,145,142
V41,2026-04-27T15:08:00Z,2026-05-11T15:08:00Z,52,29.0,153,7.3,152,149
V42,2026-04-28T20:15:00Z,2026-05-12T20:15:00Z,74,31.0,158,7.6,153,152
V43,2026-04-29T15:26:00Z,2026-05-13T15:26:00Z,63,31.1,152,6.5,135,139
V44,2026-04-30T16:57:00Z,2026-05-14T16:57:00Z,59,32.9,162,6.9,151,148
V45,2026-05-01T18:29:00Z,2026-05-15T18:29:00Z,66,30.2,150,7.1,144,141
V46,2026-05-02T18:23:00Z,2026-05-16T18:23:00Z,59,28.6,150,5.9,133,135
V47,2026-05-03T15:49:00Z,2026-05-17T15:49:00Z,80,27.8,178,7.4,169,165
V48,2026-05-04T21:51:00Z,2026-05-18T21:51:00Z,70,33.8,161,7.3,150,150
