pickup_zone_id,observations,actual_mean,prediction_mean,MAE,RMSE
132,720,250.55277777777778,244.28295261226756,36.542344033111874,48.7861328387271
138,720,166.3972222222222,166.29157794270012,35.488018002144514,52.109405453990504
142,720,147.27777777777777,146.87950961190333,23.331900620512204,34.78324172802519
161,720,210.225,209.2221552114154,31.68120691214126,47.1289760256609
162,720,162.37222222222223,160.0467849501119,21.72797488587346,30.250743318990576
163,720,133.49444444444444,131.99643019453256,19.017831959435675,26.506475666514852
170,720,139.04861111111111,136.3406801936485,17.50568800892096,24.1854675835533
186,720,152.9013888888889,152.44074916023715,25.83140558000005,37.44885218781596
230,720,150.07916666666668,148.3485009884945,21.60143159911171,30.30358898284868
236,720,189.31666666666666,188.75779689512117,27.021922674429593,40.081786108130956
237,720,216.22916666666666,215.2427594621893,29.87777102587141,43.03951304914535
239,720,126.40694444444445,124.62762944355563,17.43446500636999,25.26616780234814
